title,genre,theme,budget,revenue
Shadow Strike,Action,Revenge,60,320
Iron Justice,Action,Police,70,300
Midnight Heist,Crime,Heist,50,210
Deep Harbor,Thriller,Crime,45,180
Dragon Realm,Fantasy,Adventure,120,500
Last Laugh,Comedy,Family,20,90
Urban Pursuit,Action,Police,55,230
Silent Witness,Thriller,Mystery,40,160
Cosmic Voyage,SciFi,Exploration,110,480
Broken Oath,Drama,Justice,30,100
Wicked Crest,Romance,Revenge,150,426
Primal Blade,Romance,Redemption,135,305
Lost Fang,Drama,Crime,230,839
Lost Drift,Drama,Legacy,220,480
Velvet Echo,Drama,Sacrifice,145,309
Phantom Veil,Fantasy,Revenge,245,1686
Hidden Witness,Drama,Corruption,15,57
Velvet Strike,SciFi,Honor,240,1132
Steel Zenith,Romance,Honor,260,1112
Twisted Shard,Romance,Conspiracy,70,168
Velvet Tide,Comedy,Chaos,80,255
Savage Voyage,SciFi,Destiny,10,55
Hollow Witness,Action,Adventure,15,49
Thunder Pursuit,Adventure,Rebellion,115,625
Ancient Code,Fantasy,Chaos,70,425
Phantom Flux,Comedy,Obsession,205,844
Burning Crown,SciFi,Betrayal,215,1486
Cosmic Crown,Romance,Justice,130,345
Shadow Witness,Romance,Police,50,119
Rising Flux,Horror,Redemption,170,1369
Shattered Heist,Action,Friendship,170,1015
Last Gloom,Thriller,Adventure,225,942
Hidden Echo,Crime,Corruption,80,210
Deep Zenith,Fantasy,Destiny,180,788
Crimson Flux,Crime,Redemption,255,624
Steel Blade,Thriller,Exploration,230,1089
Midnight Laugh,Thriller,Rebellion,300,1252
Twisted Fury,Comedy,Mystery,140,722
Vivid Laugh,Romance,Crime,195,866
Eternal Storm,Adventure,Escape,200,1202
Steel Night,SciFi,Discovery,240,1547
Steel Spark,SciFi,Discovery,265,711
Shadow Dawn,Horror,Exploration,100,480
Savage Echo,Thriller,Discovery,255,1318
Toxic Crown,Comedy,War,185,1086
Eternal Pulse,Horror,Conspiracy,270,1069
Urban Witness,Action,Legacy,275,1172
Blazing Spark,Action,Betrayal,50,163
Velvet Crest,Thriller,Revenge,30,129
Neon Code,Horror,Transformation,25,204
Golden Zenith,Romance,Conspiracy,215,1057
Toxic Fang,Adventure,Rebellion,65,256
Vivid Fang,Drama,Destiny,230,837
Velvet Dawn,Horror,Identity,230,923
Deep Fang,Action,Discovery,140,607
Savage Pulse,Comedy,Obsession,75,372
Phantom Pursuit,Comedy,Heist,105,331
Frozen Edge,Adventure,War,50,180
Hidden Edge,Drama,Power,45,177
Primal Code,Horror,Revenge,90,529
Shadow Rift,Adventure,Freedom,45,287
Last Path,Crime,Redemption,285,726
Rogue Wrath,Fantasy,Destiny,95,442
Primal Wrath,Action,Crime,225,1208
Fading Path,Horror,Betrayal,45,334
Urban Fang,Horror,Mystery,285,1148
Shattered Fury,Adventure,Sacrifice,100,628
Frozen Flux,Drama,Survival,175,364
Steel Code,Adventure,Exploration,235,909
Last Fury,Comedy,Sacrifice,150,678
Iron Nexus,Horror,Friendship,205,1540
Neon Path,Comedy,Identity,30,127
Twisted Pulse,SciFi,Redemption,295,1039
Vivid Drift,Adventure,Obsession,40,148
Hidden Tide,SciFi,Justice,160,509
Ancient Oath,SciFi,Escape,270,1867
Silent Reign,Crime,War,80,476
Eternal Abyss,Drama,Mystery,150,630
Wicked Forge,Comedy,Chaos,35,163
Lost Tide,Thriller,Redemption,240,1160
Dark Witness,Action,Betrayal,115,626
Burning Rift,Horror,Destiny,160,693
Shattered Realm,Thriller,Destiny,15,50
Eternal Wrath,Crime,Mystery,85,362
Steel Drift,Fantasy,Transformation,10,56
Primal Crown,Romance,Corruption,290,1109
Phantom Path,Crime,Identity,220,507
Eternal Code,Horror,Justice,80,389
Eternal Heist,Action,Friendship,185,651
Broken Crest,Horror,Betrayal,70,409
Rising Strike,Thriller,Legacy,160,473
Fallen Spark,Fantasy,Mystery,205,1370
Shadow Oath,Horror,Freedom,210,1855
Ancient Storm,Crime,Sacrifice,235,962
Hidden Wrath,Fantasy,Mystery,160,699
Last Witness,SciFi,Identity,50,341
Mystic Voyage,Fantasy,Adventure,205,715
Fallen Drift,SciFi,Freedom,65,224
Shadow Harbor,Action,Adventure,195,702
Mystic Blade,Horror,Friendship,270,1141
Dark Forge,Horror,Power,190,1497
Shadow Tide,Fantasy,Exploration,110,520
Scarlet Spark,Thriller,Adventure,105,312
Iron Bane,SciFi,Freedom,35,100
Shadow Path,Action,Power,60,207
Rogue Blade,Horror,Conspiracy,210,1887
Fallen Shard,Fantasy,Justice,35,148
Savage Wrath,Fantasy,Family,15,81
Last Echo,SciFi,Destiny,125,428
Eternal Siege,Romance,Discovery,260,684
Scarlet Flux,Adventure,Exploration,50,241
Fallen Justice,Adventure,Legacy,120,378
Thunder Forge,Fantasy,Honor,235,1395
Hidden Fury,Action,Betrayal,95,539
Velvet Wrath,Horror,Crime,180,947
Shattered Abyss,Romance,Corruption,285,759
Mystic Shard,Fantasy,Freedom,245,1480
Dark Tide,Adventure,Escape,145,581
Thunder Strike,Thriller,Honor,25,96
Iron Gloom,Horror,Redemption,15,127
Broken Laugh,Action,Love,190,1020
Velvet Flux,Horror,Rebellion,215,1241
Velvet Shard,Adventure,Revenge,300,1060
Neon Flux,SciFi,Obsession,265,1433
Crystal Laugh,SciFi,Heist,60,142
Vivid Flame,Fantasy,Honor,240,1131
Dark Path,Crime,Chaos,130,704
Hollow Realm,Drama,Redemption,230,784
Fading Pursuit,Drama,Mystery,250,554
Last Crown,Thriller,Betrayal,190,608
Rising Path,Fantasy,Freedom,115,645
Vivid Forge,Drama,Chaos,170,422
Midnight Bane,Horror,Freedom,270,1532
Vivid Fury,Crime,Justice,100,439
Cosmic Crest,Thriller,Betrayal,75,343
Rising Pulse,Comedy,Friendship,55,291
Phantom Voyage,Adventure,Sacrifice,115,369
Mystic Code,Romance,Obsession,225,1070
Scarlet Forge,Action,Transformation,70,253
Frozen Wrath,Adventure,Heist,30,103
Fading Oath,Drama,Conspiracy,245,543
Thunder Wrath,Romance,Betrayal,85,214
Toxic Echo,Crime,Redemption,35,98
Mystic Nexus,Fantasy,Chaos,55,359
Dark Pursuit,Action,Identity,130,457
Crimson Veil,Crime,Honor,285,767
Neon Spark,Horror,Escape,145,1050
Iron Blade,Comedy,War,225,1056
Iron Abyss,Crime,Survival,195,728
Neon Reign,Action,Friendship,285,861
Crystal Nexus,Comedy,Corruption,205,1129
Fading Storm,Fantasy,Identity,265,1844
Rising Forge,Horror,War,100,827
Hidden Code,Romance,Discovery,190,663
Twisted Crest,Comedy,Obsession,200,1040
Rogue Reign,Adventure,Mystery,205,838
Midnight Harbor,Adventure,Friendship,110,503
Urban Fury,Fantasy,Love,10,42
Eternal Laugh,Drama,Love,265,1178
Crystal Witness,Comedy,Adventure,230,873
Shadow Shard,Drama,Chaos,35,72
Neon Heist,Thriller,Friendship,45,256
Frozen Path,SciFi,Conspiracy,105,636
Dark Rift,Comedy,Police,95,452
Silent Blade,Horror,Chaos,95,830
Rogue Veil,Horror,Love,155,1074
Velvet Realm,SciFi,Survival,185,881
Urban Reign,Action,Corruption,45,207
Shattered Forge,Romance,Crime,230,951
Broken Code,Romance,Discovery,100,312
Scarlet Voyage,Horror,Friendship,50,151
Wicked Wrath,Horror,Chaos,105,352
Golden Flux,Thriller,Legacy,185,849
Silent Spark,Comedy,Escape,295,1506
Urban Drift,Action,Redemption,125,392
Ancient Crown,Crime,Transformation,190,800
Toxic Laugh,Thriller,Love,20,106
Hidden Bane,Crime,Transformation,275,1135
Hollow Blade,Comedy,Redemption,120,666
Blazing Night,Romance,Discovery,195,363
Shadow Wrath,Action,Crime,110,416
Burning Echo,Comedy,Mystery,65,328
Shattered Echo,Comedy,Exploration,90,487
Ancient Edge,Comedy,Friendship,60,232
Scarlet Abyss,Crime,Exploration,250,1436
Dragon Veil,Crime,Freedom,155,772
Midnight Echo,SciFi,Chaos,20,121
Fallen Heist,Adventure,Discovery,120,411
Crystal Tide,Horror,Identity,230,1051
Thunder Witness,Fantasy,Sacrifice,130,586
Steel Fury,Comedy,Sacrifice,210,451
Broken Zenith,Action,Rebellion,100,549
Neon Edge,Adventure,Identity,120,669
Broken Crown,Comedy,Crime,230,1255
Blazing Veil,Drama,Rebellion,55,141
Last Siege,SciFi,Friendship,140,358
Last Rift,Action,Heist,55,205
Wicked Crown,Romance,Destiny,205,472
Crystal Rift,SciFi,War,265,1493
Broken Flux,Action,Betrayal,250,1440
Toxic Justice,SciFi,Exploration,80,304
Dark Nexus,Drama,Honor,150,375
Burning Blade,Crime,Police,240,734
Scarlet Oath,Crime,War,95,454
Ancient Pursuit,Comedy,Police,160,928
Dragon Path,Comedy,Destiny,105,270
Hidden Voyage,Adventure,Discovery,30,154
Frozen Crest,Crime,Conspiracy,165,336
Scarlet Reign,Drama,Escape,105,360
Golden Edge,Crime,War,175,554
Burning Zenith,Drama,Legacy,30,76
Primal Flame,Crime,Chaos,215,1154
Thunder Gloom,Action,War,265,905
Wicked Rift,Adventure,Discovery,165,710
Iron Siege,SciFi,Survival,190,942
Primal Flux,SciFi,Adventure,140,288
Lost Path,Action,Love,65,287
Shattered Gloom,Comedy,Friendship,175,832
Eternal Flame,Drama,Rebellion,60,144
Vivid Strike,Horror,Obsession,145,836
Twisted Gloom,Romance,Heist,55,97
Eternal Blade,Adventure,Identity,85,509
Urban Siege,SciFi,Betrayal,245,677
Eternal Shard,Horror,Legacy,55,192
Dark Voyage,Comedy,Conspiracy,45,209
Mystic Crest,Thriller,Police,175,510
Cosmic Oath,Action,Sacrifice,30,143
Silent Forge,Thriller,Sacrifice,270,862
Rogue Voyage,Drama,Escape,185,745
Phantom Laugh,Fantasy,Escape,245,1138
Dark Laugh,Horror,Mystery,285,1222
Hollow Wrath,Drama,Sacrifice,220,787
Primal Realm,Romance,Identity,215,447
Toxic Code,SciFi,Exploration,280,762
Iron Fury,Action,Justice,265,1420
Crystal Oath,Romance,Family,170,554
Ancient Heist,Action,Redemption,220,967
Fallen Strike,Adventure,Discovery,175,1079
Frozen Heist,Thriller,Sacrifice,210,567
Dragon Bane,Crime,Friendship,85,476
Golden Veil,Romance,Obsession,25,94
Urban Rift,SciFi,Chaos,250,726
Primal Gloom,Action,Adventure,155,856
Hidden Reign,Comedy,Adventure,10,50
Phantom Crown,Action,Discovery,210,706
Wicked Fang,Romance,Mystery,275,1058
Neon Crown,Drama,Friendship,125,438
Urban Laugh,Thriller,Redemption,40,231
Toxic Abyss,Thriller,Redemption,160,948
Midnight Gloom,Drama,Love,120,341
Rogue Rift,Drama,Identity,100,403
Lost Witness,Drama,Justice,35,57
Dark Oath,SciFi,Love,280,1075
Urban Storm,Thriller,Power,90,487
Wicked Shard,Comedy,Obsession,75,277
Frozen Flame,Action,Mystery,130,513
Hidden Blade,Romance,Discovery,260,787
Twisted Justice,Drama,Chaos,250,1065
Golden Forge,Crime,Heist,290,1544
Steel Dawn,Horror,Betrayal,155,998
Silent Pursuit,Romance,Transformation,165,532
Last Harbor,Adventure,Obsession,130,563
Phantom Dawn,Thriller,Legacy,55,269
Steel Rift,Romance,Conspiracy,135,235
Frozen Fang,Adventure,Heist,270,1625
Twisted Laugh,Fantasy,Identity,185,971
Shadow Gloom,Horror,Sacrifice,245,1149
Thunder Spark,Fantasy,Friendship,50,310
Scarlet Tide,Adventure,Heist,295,1517
Broken Veil,Drama,Conspiracy,240,1015
Rising Justice,Fantasy,Transformation,160,493
Broken Bane,Fantasy,Crime,255,940
Shattered Flame,Adventure,Mystery,120,335
Savage Gloom,Drama,War,40,144
Rising Wrath,Horror,Destiny,290,1638
Golden Crown,Horror,Power,75,232
Dark Harbor,Drama,Destiny,30,99
Iron Heist,Action,Corruption,50,152
Twisted Abyss,Fantasy,Rebellion,25,78
Phantom Rift,SciFi,Police,215,1194
Deep Flame,Action,Destiny,155,686
Dragon Night,Drama,Crime,210,590
Broken Spark,Drama,Transformation,190,296
Crystal Fury,Romance,Freedom,65,263
Mystic Zenith,Horror,Chaos,225,1381
Crimson Harbor,Comedy,Survival,260,885
Midnight Flux,Fantasy,Escape,205,540
Deep Gloom,Thriller,Heist,250,950
Eternal Dawn,Romance,Freedom,250,693
Toxic Drift,Adventure,Family,280,946
Thunder Harbor,Thriller,Rebellion,260,814
Dragon Code,Romance,Discovery,180,798
Mystic Dawn,Thriller,Survival,225,1122
Phantom Drift,Adventure,Family,295,1686
Deep Drift,Romance,Heist,70,185
Hollow Laugh,Horror,Adventure,215,1448
Scarlet Path,Horror,Chaos,175,782
Golden Witness,SciFi,Crime,200,1266
Fallen Code,Drama,Power,160,712
Wicked Witness,Thriller,Honor,255,955
Iron Zenith,Drama,Betrayal,215,611
Blazing Code,Horror,Revenge,215,1924
Ancient Forge,Thriller,Corruption,195,517
Primal Shard,Horror,Adventure,275,1103
Iron Oath,SciFi,Legacy,135,555
Savage Siege,Comedy,Friendship,60,304
Shadow Heist,Horror,Sacrifice,280,2171
Iron Night,Comedy,Redemption,225,523
Hollow Siege,Romance,Betrayal,185,564
Neon Fury,SciFi,Betrayal,125,651
Silent Zenith,Crime,Identity,30,129
Shadow Drift,Action,War,215,1263
Lost Nexus,Drama,Survival,70,150
Blazing Nexus,Thriller,Transformation,225,915
Toxic Rift,Action,Identity,135,439
Crimson Heist,Action,Justice,85,438
Midnight Justice,Romance,Heist,285,877
Twisted Edge,SciFi,Power,45,239
Urban Flux,SciFi,Redemption,65,285
Burning Oath,Romance,Destiny,300,1462
Burning Flux,SciFi,Freedom,250,875
Hollow Nexus,Drama,Sacrifice,190,316
Silent Dawn,Drama,Family,45,188
Broken Strike,Fantasy,Police,95,277
Primal Fang,Adventure,Obsession,215,850
Scarlet Pulse,Action,Friendship,155,696
Dark Dawn,Comedy,Legacy,260,834
Thunder Echo,Fantasy,Family,250,994
Cosmic Harbor,Romance,Love,105,169
Fallen Oath,SciFi,Obsession,250,938
Frozen Veil,Drama,Mystery,120,395
Frozen Witness,Action,Survival,275,1315
Velvet Reign,Drama,Identity,275,974
Crimson Tide,Crime,Destiny,60,237
Phantom Blade,Thriller,Betrayal,285,735
Lost Shard,Action,Love,110,562
Crimson Night,Romance,Transformation,30,78
Silent Pulse,Comedy,Power,285,1081
Toxic Zenith,Thriller,Sacrifice,300,813
Cosmic Wrath,SciFi,Redemption,255,649
Steel Wrath,Drama,Sacrifice,285,606
Vivid Zenith,Action,Rebellion,190,961
Lost Crown,Thriller,Exploration,135,682
Dragon Echo,Romance,Adventure,270,415
Twisted Veil,SciFi,Survival,205,783
Last Forge,Drama,Legacy,40,84
Wicked Veil,Thriller,Honor,280,1383
Hidden Justice,SciFi,Family,125,480
Vivid Edge,SciFi,Survival,285,1131
Crimson Forge,Thriller,Justice,215,1023
Mystic Veil,Thriller,Adventure,45,190
Velvet Heist,Fantasy,Survival,250,697
Lost Forge,Fantasy,Escape,270,1499
Primal Spark,SciFi,Crime,145,542
Rising Witness,Drama,Redemption,270,721
Shattered Blade,Thriller,Rebellion,15,51
Rogue Tide,Horror,Identity,240,2089
Savage Night,Thriller,Honor,140,520
Velvet Storm,SciFi,Betrayal,100,553
Mystic Reign,Adventure,Love,80,290
Frozen Harbor,Comedy,Police,240,834
Lost Rift,Thriller,Corruption,115,594
Hollow Shard,Adventure,Transformation,270,799
Toxic Shard,Drama,Destiny,250,1106
Broken Witness,Thriller,Friendship,165,929
Savage Path,Action,Heist,210,862
Vivid Pulse,Comedy,Identity,30,79
Deep Rift,Adventure,Discovery,105,275
Scarlet Zenith,Adventure,Conspiracy,40,191
Dark Flux,Horror,Identity,200,1368
Neon Drift,Comedy,Crime,165,817
Rising Nexus,Fantasy,Justice,140,887
Silent Heist,Action,Betrayal,290,943
Burning Voyage,Thriller,Mystery,140,591
Fallen Nexus,Action,Identity,25,98
Lost Blade,Fantasy,Escape,235,1268
Blazing Rift,Crime,Power,35,91
Last Dawn,Crime,Love,80,214
Velvet Fang,SciFi,Chaos,285,768
Toxic Edge,Drama,Obsession,110,242
Fading Laugh,Action,Corruption,35,127
Fallen Echo,Fantasy,Escape,170,649
Mystic Heist,Comedy,Heist,175,1012
Silent Flux,Comedy,Adventure,120,487
Crimson Fang,Action,Justice,265,1309
Vivid Crest,Thriller,War,125,425
Deep Justice,Horror,Sacrifice,25,76
Burning Path,SciFi,Police,15,88
Ancient Spark,Action,Revenge,190,872
Toxic Oath,Comedy,Crime,150,445
Shattered Veil,Fantasy,Love,300,1413
Iron Strike,Action,Friendship,90,464
Blazing Oath,Comedy,Redemption,25,74
Burning Dawn,Adventure,Exploration,55,280
Iron Crown,Thriller,Conspiracy,70,414
Last Wrath,Romance,Escape,290,555
Burning Code,Fantasy,Redemption,75,277
Wicked Flux,Crime,Chaos,290,1065
Scarlet Storm,Horror,Betrayal,185,1234
Vivid Tide,Crime,Family,135,693
Dark Drift,Fantasy,Betrayal,220,1102
Silent Laugh,Crime,Chaos,140,284
Fading Spark,Action,Obsession,170,555
Frozen Strike,SciFi,Police,120,421
Deep Storm,Horror,Adventure,250,1265
Rising Bane,Romance,Obsession,265,1256
Shattered Storm,Romance,Rebellion,255,1073
Thunder Flame,Crime,Power,145,752
Savage Witness,SciFi,Chaos,110,735
Velvet Fury,Fantasy,Heist,180,785
Frozen Drift,Romance,Escape,55,262
Crystal Flame,SciFi,Crime,10,63
Ancient Drift,Thriller,Escape,155,522
Twisted Oath,Horror,Transformation,55,331
Thunder Bane,Crime,Mystery,75,425
Broken Nexus,Drama,Transformation,20,35
Thunder Edge,Romance,Rebellion,40,101
Velvet Rift,Romance,Adventure,20,92
Fading Shard,Action,Adventure,230,1206
Fallen Wrath,SciFi,Sacrifice,155,988
Steel Path,Fantasy,Sacrifice,145,491
Crimson Abyss,Thriller,Conspiracy,115,399
Burning Realm,Horror,Revenge,270,822
Dark Echo,Adventure,Betrayal,75,419
Blazing Edge,Fantasy,Power,115,431
Mystic Laugh,Horror,Justice,175,683
Wicked Gloom,Drama,Power,70,161
Fading Abyss,Drama,Revenge,225,929
Fallen Rift,SciFi,Transformation,70,333
Dragon Flame,Fantasy,Love,295,1555
Crimson Echo,SciFi,Escape,30,171
Cosmic Nexus,SciFi,Legacy,270,1113
Toxic Reign,Adventure,Legacy,130,339
Rogue Bane,Action,Betrayal,235,830
Scarlet Veil,Comedy,Identity,220,853
Burning Edge,Crime,Crime,290,629
Savage Edge,Action,Destiny,220,1021
Ancient Fang,Adventure,Adventure,230,761
Crystal Flux,Drama,Revenge,240,585
Rogue Night,Fantasy,Honor,185,817
Midnight Fury,Crime,Identity,135,503
Neon Crest,Comedy,Family,255,880
Shattered Siege,Crime,Discovery,135,578
Crimson Strike,Action,Police,120,656
Steel Pursuit,Thriller,Heist,110,300
Burning Strike,Crime,Love,235,661
Fading Wrath,Fantasy,Obsession,65,184
Savage Bane,SciFi,Friendship,205,1283
Cosmic Code,Thriller,Adventure,35,209
Blazing Storm,Drama,Friendship,70,308
Phantom Pulse,Adventure,Destiny,250,730
Deep Forge,Thriller,Police,125,422
Silent Night,Fantasy,Discovery,145,981
Lost Heist,SciFi,War,120,425
Savage Shard,Crime,Identity,290,606
Fallen Veil,Drama,Crime,55,216
Burning Night,Comedy,Chaos,290,1317
Primal Tide,Crime,Discovery,300,757
Rogue Flux,Action,Love,195,1123
Steel Fang,Crime,Conspiracy,250,1396
Thunder Code,SciFi,Crime,50,220
Burning Gloom,Fantasy,Escape,105,570
Wicked Nexus,Adventure,Justice,220,1256
Shadow Fang,Thriller,Police,65,372
Hidden Crown,SciFi,Honor,230,994
Fading Fury,Action,Escape,65,350
Velvet Pulse,Fantasy,Obsession,65,344
Lost Veil,Crime,Mystery,210,810
Crimson Fury,Fantasy,Redemption,180,743
Fading Crest,Thriller,Conspiracy,110,535
Blazing Dawn,Romance,Police,260,526
Burning Shard,SciFi,Betrayal,110,459
Midnight Pursuit,Fantasy,Adventure,95,313
Last Bane,Romance,Adventure,90,278
Rogue Heist,Adventure,Revenge,275,1379
Blazing Shard,Adventure,Betrayal,210,597
Wicked Bane,Thriller,Mystery,140,354
Urban Voyage,Thriller,Redemption,185,886
Broken Pulse,Romance,Family,90,234
Rising Night,Action,Power,210,1021
Toxic Bane,Thriller,Friendship,115,305
Iron Reign,SciFi,Rebellion,255,567
Hollow Forge,Romance,Exploration,260,810
Iron Fang,Adventure,Betrayal,25,73
Shattered Pursuit,Horror,Identity,130,748
Thunder Path,Fantasy,Escape,170,621
Velvet Bane,Thriller,Discovery,95,376
Hollow Justice,Crime,Honor,195,630
Golden Harbor,Comedy,Survival,190,639
Golden Storm,Romance,Revenge,100,184
Dark Zenith,Thriller,Honor,120,580
Shattered Rift,SciFi,Adventure,170,1176
Urban Forge,Action,Police,20,76
Fading Night,Drama,War,160,720
Midnight Realm,Comedy,Discovery,35,125
Golden Nexus,Horror,Crime,155,983
Crimson Blade,SciFi,War,20,62
Dragon Spark,Thriller,Corruption,290,1531
Deep Flux,Crime,Heist,230,773
Midnight Siege,Thriller,Mystery,155,697
Urban Spark,Horror,Identity,295,1896
Neon Laugh,Horror,Transformation,40,154
Frozen Spark,SciFi,Chaos,20,88
Iron Path,Crime,Sacrifice,150,343
Shattered Nexus,Crime,Friendship,75,373
Midnight Abyss,Comedy,Obsession,145,327
Shattered Path,Fantasy,Heist,65,255
Twisted Tide,Romance,Honor,260,805
Rising Siege,Thriller,Power,280,1458
Scarlet Nexus,Fantasy,War,260,1581
Dark Gloom,Drama,Chaos,235,704
Fallen Storm,Drama,Identity,50,110
Eternal Gloom,Thriller,Justice,110,619
Silent Code,Action,Revenge,135,509
Crystal Strike,Adventure,Freedom,270,1402
Mystic Justice,Fantasy,Corruption,190,623
Golden Code,Comedy,Destiny,120,652
Rogue Drift,Romance,Sacrifice,15,40
Frozen Fury,Action,Revenge,185,733
Frozen Blade,Romance,Chaos,110,185
Lost Flame,Action,Survival,125,641
Phantom Night,Thriller,Destiny,65,272
Primal Zenith,Adventure,Crime,15,40
Hidden Veil,Fantasy,Exploration,80,394
Fading Siege,Adventure,Escape,235,695
Shadow Crest,Action,Freedom,165,547
Velvet Laugh,Drama,Heist,95,418
Vivid Blade,Thriller,Mystery,295,860
Fading Witness,Adventure,Discovery,10,44
Shattered Code,Crime,Corruption,255,616
Hidden Abyss,Drama,Discovery,35,122
Neon Justice,Drama,Survival,265,545
Vivid Realm,Horror,Rebellion,220,1359
Dark Storm,Action,Exploration,15,83
Deep Echo,Crime,Obsession,190,662
Toxic Spark,Adventure,Power,200,883
Thunder Pulse,Fantasy,Justice,175,466
Neon Zenith,Thriller,Survival,85,360
Neon Oath,Fantasy,Freedom,175,875
Fading Pulse,Romance,Friendship,235,1163
Ancient Bane,Adventure,Heist,260,856
Deep Nexus,Thriller,Escape,240,1247
Cosmic Path,Adventure,Mystery,105,679
Ancient Fury,SciFi,Power,205,525
Midnight Tide,Fantasy,Destiny,250,1450
Eternal Veil,Fantasy,Chaos,15,98
Fallen Crown,SciFi,Honor,140,742
Blazing Pursuit,Horror,Legacy,175,674
Neon Abyss,Crime,Rebellion,130,520
Shattered Bane,Thriller,Honor,10,46
Mystic Pursuit,Action,Rebellion,255,1004
Vivid Shard,Drama,Discovery,250,1092
Hollow Crown,Fantasy,Redemption,225,1546
Iron Veil,Crime,Crime,190,1023
Rising Crest,Comedy,Chaos,230,1165
Twisted Night,Action,Friendship,50,152
Fading Flux,Romance,Corruption,20,52
Rogue Pursuit,Thriller,Power,125,424
Crystal Crest,Thriller,Family,145,392
Scarlet Witness,Action,Discovery,30,170
Hollow Bane,Comedy,Justice,25,139
Phantom Tide,Fantasy,Legacy,100,340
Crystal Night,Horror,Power,225,1104
Rogue Oath,SciFi,Mystery,160,344
Fading Strike,Fantasy,Betrayal,50,186
Silent Siege,Horror,Revenge,180,1159
Midnight Oath,Horror,Obsession,255,1178
Savage Zenith,Thriller,Chaos,175,630
Crimson Code,Comedy,Betrayal,200,1097
Steel Siege,Fantasy,Betrayal,205,699
Dark Fang,Romance,Identity,135,279
Cosmic Night,Comedy,Freedom,265,574
Rogue Crest,Fantasy,Chaos,115,777
Velvet Veil,Crime,Power,295,1615
Iron Wrath,Fantasy,Sacrifice,40,266
Neon Rift,Action,War,185,844
Hollow Drift,Crime,Rebellion,260,1279
Frozen Pulse,Crime,Exploration,245,1013
Shadow Storm,Action,Honor,265,1337
Thunder Voyage,Action,Redemption,180,971
Steel Forge,Romance,Survival,200,896
Midnight Zenith,Drama,Love,35,116
Ancient Tide,Comedy,Legacy,250,1124
Burning Wrath,Action,War,140,837
Lost Pursuit,Crime,Conspiracy,65,218
Urban Pulse,SciFi,Power,235,1424
Hollow Pulse,Fantasy,Adventure,150,731
Lost Reign,Action,Corruption,215,836
Broken Night,Thriller,Friendship,265,1216
Dragon Crown,Action,Adventure,165,974
Frozen Shard,Drama,Redemption,275,997
Neon Realm,Adventure,Exploration,30,145
Crystal Edge,Drama,Heist,70,212
Midnight Wrath,Comedy,Rebellion,265,1492
Vivid Dawn,Adventure,Power,185,738
Rising Fang,SciFi,Heist,240,1029
Steel Strike,Horror,Crime,160,618
Neon Shard,SciFi,Adventure,50,223
Thunder Siege,Fantasy,Justice,55,215
Dragon Heist,Romance,Escape,260,550
Lost Crest,Fantasy,Rebellion,275,1168
Ancient Siege,Action,Friendship,255,1328
Cosmic Drift,Thriller,Survival,270,891
Thunder Laugh,Adventure,Freedom,65,274
Scarlet Justice,Drama,Destiny,185,544
Dragon Justice,Action,Power,250,1088
Fallen Blade,Adventure,Obsession,55,191
Dragon Tide,Action,Heist,245,1004
Primal Voyage,Adventure,Legacy,215,1234
Golden Oath,Romance,Corruption,265,427
Golden Heist,Horror,Family,190,1159
Steel Justice,SciFi,Destiny,120,510
Neon Fang,Crime,Corruption,40,217
Velvet Pursuit,Adventure,Destiny,170,1042
Ancient Flux,Fantasy,Heist,20,67
Dragon Voyage,Horror,Adventure,215,1598
Vivid Veil,Romance,Freedom,295,661
Dragon Forge,Drama,Heist,30,76
Hidden Siege,Action,Revenge,235,1215
Fallen Night,Action,Redemption,135,586
Savage Dawn,Crime,Adventure,285,698
Rogue Dawn,Romance,Friendship,175,615
Shattered Laugh,Drama,Conspiracy,35,98
Crystal Realm,Romance,Adventure,270,747
Golden Wrath,Thriller,Chaos,300,1167
Primal Pursuit,SciFi,Obsession,75,417
Hollow Rift,Thriller,Chaos,300,1304
Phantom Zenith,Horror,War,95,517
Iron Realm,Crime,Sacrifice,60,207
Fading Forge,Drama,Crime,215,824
Hidden Forge,Fantasy,Escape,120,514
Mystic Forge,Adventure,Sacrifice,45,243
Dragon Abyss,Romance,Escape,235,821
Golden Rift,Thriller,Crime,70,268
Iron Laugh,Adventure,Destiny,150,761
Midnight Shard,Adventure,Friendship,295,1237
Rising Blade,Romance,Revenge,160,388
Velvet Abyss,Adventure,War,285,1782
Savage Fury,Horror,Discovery,300,1754
Twisted Crown,SciFi,Justice,175,1143
Twisted Forge,Fantasy,Sacrifice,90,366
Toxic Blade,Adventure,Sacrifice,195,1144
Eternal Strike,Fantasy,Love,40,191
Last Drift,Thriller,Friendship,55,201
Ancient Echo,Drama,Power,205,698
Fallen Harbor,SciFi,Survival,260,749
Cosmic Justice,Adventure,Discovery,295,1510
Rogue Fury,SciFi,War,185,962
Wicked Pulse,Action,Crime,60,355
Wicked Zenith,SciFi,Mystery,225,464
Phantom Justice,Thriller,Friendship,225,1097
Mystic Flux,SciFi,Heist,270,1265
Fading Dawn,Comedy,Family,50,181
Mystic Fang,Thriller,Legacy,160,512
Scarlet Flame,Drama,Family,55,237
Rogue Pulse,Horror,Transformation,255,1810
Rising Fury,Horror,Friendship,140,571
Crystal Justice,Thriller,Discovery,230,1188
Steel Crown,Crime,Escape,20,71
Iron Edge,Comedy,Redemption,80,210
Rogue Witness,SciFi,Revenge,240,1373
Broken Reign,Romance,Freedom,185,719
Phantom Forge,Fantasy,Police,295,1172
Golden Gloom,Drama,Betrayal,105,244
Golden Pursuit,Fantasy,Betrayal,100,580
Neon Voyage,SciFi,Exploration,295,1794
Rising Realm,SciFi,Redemption,150,1043
Scarlet Harbor,SciFi,Rebellion,145,733
Vivid Path,Action,Destiny,230,1006
Burning Reign,Thriller,Redemption,145,692
Rogue Path,Romance,Escape,240,893
Shattered Crest,Adventure,Adventure,25,118
Frozen Abyss,Adventure,Adventure,70,339
Dragon Dawn,Fantasy,Transformation,195,569
Crystal Blade,Crime,Redemption,175,458
Toxic Gloom,Fantasy,Love,280,1094
Fallen Pulse,SciFi,Honor,110,461
Hollow Gloom,Crime,Crime,300,1027
Ancient Path,Fantasy,Corruption,295,1794
Rogue Shard,Action,Power,35,127
Deep Realm,Adventure,Revenge,240,1073
Deep Spark,Thriller,Police,295,1697
Hollow Oath,Horror,Revenge,115,630
Twisted Siege,Fantasy,Crime,130,372
Thunder Oath,Horror,Betrayal,220,1845
Midnight Witness,Horror,Love,100,465
Twisted Blade,Romance,Betrayal,95,282
Shattered Drift,Adventure,Adventure,60,154
Velvet Crown,Comedy,Rebellion,60,340
Silent Gloom,Fantasy,Corruption,180,802
Fallen Crest,Horror,Revenge,150,555
Dragon Drift,SciFi,Justice,105,631
Toxic Heist,Comedy,Corruption,165,743
Phantom Harbor,Adventure,Crime,260,765
Ancient Realm,Action,Justice,20,70
Wicked Reign,Action,Conspiracy,115,440
Frozen Code,Crime,Survival,145,462
Neon Pursuit,Horror,Betrayal,40,277
Toxic Wrath,Thriller,Conspiracy,70,409
Eternal Fury,Fantasy,Mystery,245,976
Burning Spark,Fantasy,Heist,90,456
Steel Reign,Action,Corruption,290,1664
Midnight Crest,Fantasy,Betrayal,60,381
Fallen Reign,Romance,Conspiracy,270,608
Neon Gloom,Drama,Love,285,1108
Rogue Zenith,Fantasy,Police,135,683
Savage Forge,Fantasy,Justice,230,1060
Crystal Reign,Action,Conspiracy,85,438
Lost Pulse,Adventure,Escape,280,1338
Fading Realm,Thriller,Transformation,40,170
Twisted Heist,Drama,Survival,270,1120
Urban Flame,Fantasy,Love,160,536
Fading Crown,Romance,Sacrifice,235,699
Iron Flux,Horror,Obsession,70,320
Phantom Wrath,Horror,Obsession,120,905
Last Nexus,SciFi,War,65,165
Iron Drift,Fantasy,Revenge,300,2025
Frozen Reign,SciFi,Honor,70,376
Shadow Laugh,SciFi,Transformation,220,722
Silent Realm,SciFi,Mystery,125,746
Cosmic Rift,Comedy,Chaos,240,515
Ancient Blade,Crime,Power,230,1059
Vivid Voyage,Action,Family,45,209
Last Blade,Adventure,Transformation,145,897
Steel Bane,Drama,Identity,120,397
Lost Realm,Horror,Love,75,345
Rising Oath,Romance,Crime,65,186
Crystal Siege,Thriller,Survival,110,523
Vivid Flux,Drama,Friendship,75,192
Vivid Storm,Romance,Family,190,827
Iron Pursuit,Thriller,Discovery,185,887
Hollow Veil,Crime,Conspiracy,90,341
Burning Pursuit,Romance,Love,285,694
Shadow Bane,Adventure,Crime,300,895
Velvet Drift,Adventure,Adventure,85,253
Steel Realm,Romance,Identity,180,879
Rogue Justice,Action,Heist,55,241
Blazing Tide,Romance,Justice,15,32
Cosmic Strike,Action,Heist,15,69
Rogue Storm,SciFi,Honor,110,453
Burning Storm,Action,Survival,145,450
Urban Crown,Fantasy,Redemption,45,157
Twisted Storm,Drama,Family,160,272
Toxic Crest,Thriller,Exploration,295,1262
Midnight Rift,SciFi,Conspiracy,145,335
Golden Bane,Drama,Family,55,90
Deep Voyage,Horror,Transformation,35,236
Silent Fury,Crime,Transformation,245,661
Blazing Gloom,Comedy,Power,135,416
Blazing Wrath,Horror,Sacrifice,95,426
Lost Flux,Fantasy,Freedom,240,1114
Rogue Fang,Horror,Family,120,1022
Fading Nexus,Horror,Heist,110,518
Silent Drift,Drama,Exploration,265,588
Eternal Night,Crime,Discovery,25,121
Fading Voyage,Crime,Discovery,110,295
Fading Harbor,Drama,Honor,130,287
Primal Veil,Comedy,Family,165,501
Savage Flame,Fantasy,Escape,235,1552
Wicked Blade,Fantasy,Conspiracy,115,782
Blazing Flame,Action,Crime,255,856
Lost Justice,Comedy,Betrayal,205,724
Phantom Bane,Thriller,Sacrifice,265,1025
Thunder Flux,Adventure,Redemption,10,40
Primal Path,Action,Exploration,270,1401
Shadow Forge,Thriller,Freedom,135,735
Burning Crest,Thriller,Obsession,195,910
Phantom Storm,SciFi,Friendship,235,778
Crimson Reign,Fantasy,Revenge,260,1440
Thunder Abyss,Fantasy,Friendship,135,925
Last Voyage,Fantasy,Destiny,20,108
Twisted Bane,Action,Corruption,245,1348
Thunder Nexus,Horror,Discovery,130,824
Rising Dawn,SciFi,Power,85,283
Urban Tide,Crime,Sacrifice,270,1131
Ancient Strike,Horror,Transformation,205,852
Broken Pursuit,Comedy,Revenge,205,829
Golden Spark,Action,Identity,290,1247
Phantom Edge,Comedy,War,20,67
Lost Bane,Thriller,Rebellion,115,622
Scarlet Laugh,Fantasy,Transformation,80,490
Steel Harbor,Thriller,Mystery,85,411
Broken Shard,Fantasy,Friendship,10,60
Rising Storm,Romance,War,150,257
Savage Veil,Thriller,Obsession,240,890
Last Justice,Action,Exploration,150,864
Deep Shard,Romance,Redemption,140,696
Phantom Fury,Crime,Revenge,240,1378
Toxic Harbor,Adventure,Escape,45,270
Savage Flux,Adventure,Freedom,165,980
Fading Drift,Adventure,Conspiracy,130,483
Eternal Reign,Crime,Destiny,225,961
Savage Heist,Adventure,Obsession,75,324
Dark Flame,Horror,Heist,85,613
Dark Code,Drama,Honor,155,605
Phantom Spark,Romance,Sacrifice,210,763
Frozen Pursuit,Fantasy,Survival,290,872
Fallen Siege,SciFi,Destiny,55,309
Primal Bane,SciFi,Betrayal,45,270
Crystal Abyss,Romance,Love,175,529
Dragon Pulse,Adventure,Rebellion,215,868
Shadow Zenith,Fantasy,Police,45,224
Wicked Fury,Romance,Revenge,20,37
Neon Harbor,Romance,Legacy,145,568
Blazing Laugh,SciFi,Redemption,160,874
Ancient Reign,Fantasy,Revenge,265,1325
Eternal Bane,Crime,Friendship,65,277
Wicked Abyss,Drama,Family,220,363
Shattered Harbor,Adventure,Justice,205,1154
Deep Pulse,Comedy,Justice,230,489
Midnight Fang,Adventure,Sacrifice,255,767
Wicked Storm,Romance,Survival,185,617
Vivid Wrath,Fantasy,Escape,285,1620
Crystal Drift,Action,Exploration,85,508
Ancient Laugh,Comedy,Sacrifice,120,558
Scarlet Fang,Fantasy,Heist,270,1633
Savage Reign,Drama,Family,110,433
Shadow Flame,SciFi,Honor,145,329
Toxic Voyage,Adventure,Corruption,135,345
Dragon Wrath,Comedy,Legacy,185,604
Rising Code,Horror,Adventure,250,1202
Burning Forge,Comedy,Transformation,195,762
Silent Bane,Horror,Transformation,90,783
Crystal Dawn,Thriller,Conspiracy,40,121
Midnight Path,Fantasy,Legacy,210,1172
Blazing Flux,Comedy,Identity,245,1351
Velvet Spark,Crime,Rebellion,135,466
Scarlet Blade,Action,Discovery,120,512
Dragon Gloom,Thriller,Rebellion,185,876
Scarlet Crest,Horror,Destiny,10,54
Thunder Crown,Fantasy,Mystery,160,499
Velvet Code,Fantasy,Adventure,240,1609
Primal Drift,Crime,Destiny,35,120
Frozen Tide,Crime,Honor,190,949
Ancient Wrath,Horror,Sacrifice,285,983
Broken Tide,Thriller,Legacy,100,456
Hollow Crest,Drama,Adventure,125,333
Scarlet Fury,Comedy,War,285,1649
Primal Justice,Fantasy,Survival,160,411
Lost Echo,Romance,War,280,1303
Ancient Harbor,Action,Conspiracy,65,221
Rogue Edge,Action,Redemption,60,202
Shattered Tide,Adventure,Chaos,10,57
Deep Crest,Romance,Legacy,90,172
Deep Code,Adventure,Chaos,190,853
Crimson Shard,Crime,Friendship,245,1229
Eternal Drift,Action,Freedom,220,1187
Fallen Realm,Crime,Love,155,566
Last Code,SciFi,Transformation,10,57
Iron Voyage,SciFi,Police,175,743
Wicked Heist,Horror,Honor,20,171
Broken Drift,Adventure,Legacy,155,450
Burning Bane,SciFi,Identity,25,114
Primal Pulse,Drama,Mystery,15,32
Phantom Siege,Adventure,Love,65,231
Crystal Bane,Thriller,Freedom,180,539
Hollow Heist,Adventure,Escape,20,109
Blazing Reign,SciFi,Destiny,235,849
Blazing Blade,Drama,Conspiracy,155,663
Last Realm,Fantasy,Adventure,95,384
Cosmic Laugh,Adventure,Friendship,190,755
Midnight Nexus,Drama,Exploration,90,371
Frozen Justice,SciFi,Revenge,290,585
Dark Abyss,Thriller,Family,100,593
Silent Storm,Horror,Legacy,140,1251
Shadow Code,Thriller,Family,295,978
Vivid Gloom,Horror,War,25,97
Silent Tide,Thriller,Identity,190,600
Thunder Justice,Fantasy,Escape,215,934
Hollow Harbor,Romance,Obsession,130,271
Silent Harbor,Adventure,Legacy,145,405
Hollow Path,Thriller,Love,170,580
Primal Heist,Fantasy,Conspiracy,270,1177
Iron Code,Action,Betrayal,10,52
Shadow Voyage,Romance,Crime,155,741
Midnight Code,Fantasy,Family,80,555
Midnight Crown,Crime,Family,80,163
Primal Witness,SciFi,Crime,60,168
Cosmic Witness,Drama,Chaos,100,443
Silent Wrath,Crime,Legacy,110,457
Wicked Tide,Romance,Transformation,260,504
Midnight Pulse,Adventure,Crime,20,91
Dark Spark,Action,Destiny,235,921
Hollow Echo,Action,Justice,250,1060
Deep Fury,Adventure,Chaos,290,840
Phantom Heist,Thriller,Exploration,215,811
Thunder Realm,Thriller,Freedom,250,1304
Burning Abyss,Comedy,Survival,110,595
Shattered Night,Fantasy,Survival,215,863
Deep Tide,Crime,Sacrifice,235,1117
Wicked Edge,Action,Conspiracy,230,748
Savage Spark,Thriller,Destiny,155,394
Last Zenith,Comedy,Exploration,105,244
Blazing Pulse,Romance,War,295,1406
Dragon Witness,Romance,Exploration,65,204
Crimson Crest,Thriller,Survival,60,194
Rising Spark,Horror,Crime,130,705
Velvet Harbor,Horror,Freedom,155,973
Ancient Pulse,Comedy,Crime,210,1004
Deep Reign,Fantasy,Survival,75,368
Primal Crest,Horror,Redemption,255,1389
Mystic Tide,Thriller,Mystery,235,1242
Dark Siege,Romance,Police,130,430
Urban Path,Comedy,Friendship,120,588
Cosmic Tide,Romance,Crime,145,271
Dark Edge,Comedy,Honor,95,513
Rogue Siege,Comedy,Heist,65,327
Lost Harbor,Action,Exploration,80,292
Broken Blade,Action,Mystery,115,549
Burning Siege,Horror,Heist,10,55
Crimson Rift,Comedy,Adventure,165,666
Fading Tide,Drama,Exploration,120,339
Phantom Abyss,Horror,Power,30,124
Frozen Dawn,Crime,Rebellion,15,31
Steel Storm,Action,Friendship,235,775
Wicked Drift,Action,Identity,95,297
Velvet Blade,Action,War,65,206
Frozen Gloom,Fantasy,Honor,270,916
Toxic Veil,Comedy,Sacrifice,155,748
Scarlet Edge,Romance,War,120,295
Urban Crest,Thriller,War,130,600
Cosmic Spark,Adventure,Heist,285,1243
Last Heist,Drama,Conspiracy,165,395
Hidden Shard,Romance,Family,165,589
Dark Reign,Comedy,Conspiracy,190,628
Twisted Flame,Horror,Conspiracy,75,386
Mystic Strike,Action,Betrayal,265,814
Blazing Crest,Romance,Corruption,170,418
Deep Laugh,Fantasy,Identity,265,713
Crimson Realm,Drama,Love,120,274
Rising Laugh,Action,War,235,1195
Silent Justice,Fantasy,Love,275,1876
Ancient Abyss,Thriller,War,55,252
Shadow Pursuit,Crime,Adventure,240,1046
Deep Path,Comedy,Identity,300,718
Shadow Justice,Comedy,Power,105,317
Wicked Harbor,Fantasy,Chaos,250,1637
Shattered Shard,Horror,Revenge,70,227
Dark Justice,Drama,Family,95,234
Midnight Dawn,Action,Crime,150,875
Primal Echo,Fantasy,Power,270,1277
Broken Siege,SciFi,Honor,85,336
Toxic Realm,Romance,Heist,185,636
Last Edge,Comedy,Escape,115,234
Dark Strike,Thriller,Revenge,130,370
Wicked Echo,Romance,Destiny,90,213
Crimson Dawn,Romance,Freedom,130,439
Velvet Nexus,Thriller,Escape,275,1422
Crystal Pulse,Romance,Friendship,15,41
Fallen Abyss,Crime,Chaos,175,363
Velvet Voyage,Horror,Conspiracy,280,1479
Golden Drift,Drama,Betrayal,90,162
Ancient Dawn,Adventure,Justice,185,763
Blazing Zenith,Romance,Rebellion,200,687
Neon Forge,Romance,Betrayal,300,617
Mystic Edge,Drama,Exploration,50,170
Iron Pulse,Comedy,Escape,55,318
Shattered Fang,SciFi,Crime,275,1048
Fallen Zenith,Romance,Chaos,220,1065
Scarlet Realm,Action,Mystery,220,941
Silent Crown,Fantasy,Legacy,205,754
Golden Realm,Fantasy,War,170,1009
Crimson Path,SciFi,Power,15,88
Thunder Fury,Fantasy,Escape,165,738
Crimson Gloom,Drama,Friendship,180,733
Golden Path,Fantasy,Heist,100,551
Scarlet Night,Fantasy,Power,25,97
Blazing Strike,Fantasy,Destiny,160,762
Scarlet Echo,Horror,Betrayal,275,2234
Midnight Drift,SciFi,Survival,140,821
Dragon Zenith,Adventure,Transformation,220,1067
Blazing Harbor,Action,Obsession,170,678
Hidden Strike,Romance,Freedom,60,119
Mystic Crown,Romance,Justice,195,477
Urban Shard,Horror,Obsession,10,34
Iron Witness,SciFi,Identity,245,869
Fading Veil,Thriller,Transformation,110,385
Silent Flame,Drama,Family,10,17
Hollow Reign,Action,Police,30,147
Blazing Fang,Horror,Honor,240,1153
Vivid Spark,Romance,Sacrifice,290,533
Vivid Crown,Thriller,Corruption,175,883
Dark Heist,Action,Legacy,265,1122
Rogue Laugh,Crime,Obsession,220,1058
Savage Tide,Horror,War,60,263
Neon Wrath,Action,Discovery,120,569
Urban Zenith,Comedy,Crime,235,470
Twisted Spark,Crime,Sacrifice,35,180
Dragon Blade,Drama,Escape,40,156
Broken Voyage,Thriller,Conspiracy,265,815
Hollow Abyss,Romance,Friendship,195,537
Rising Rift,SciFi,War,200,952
Last Veil,Fantasy,Justice,125,316
Dragon Storm,Romance,Redemption,175,265
Cosmic Realm,Crime,Conspiracy,130,759
Dark Blade,Adventure,Honor,105,575
Shattered Flux,Action,Adventure,150,874
Silent Edge,Fantasy,Betrayal,45,210
Dragon Edge,Comedy,Transformation,280,835
Neon Nexus,Fantasy,Conspiracy,200,1304
Crystal Gloom,Fantasy,Exploration,140,465
Steel Nexus,Romance,War,170,848
Cosmic Pursuit,Action,Transformation,180,977
Vivid Heist,Comedy,Discovery,30,169
Cosmic Fang,Drama,War,35,134
Primal Oath,Comedy,Exploration,95,386
Rising Heist,SciFi,Sacrifice,85,273
Mystic Harbor,Romance,Obsession,70,126
Cosmic Reign,Comedy,Identity,35,187
Crimson Wrath,Fantasy,Rebellion,140,465
Hidden Realm,Fantasy,Justice,25,129
Broken Storm,Comedy,Honor,165,782
Phantom Flame,SciFi,Justice,215,558
Ancient Gloom,Action,Police,130,725
Mystic Fury,Comedy,Rebellion,265,787
Broken Heist,Romance,Chaos,295,1242
Twisted Realm,Horror,Honor,110,487
Neon Blade,SciFi,Revenge,165,793
Phantom Realm,Horror,Transformation,80,689
Deep Abyss,Adventure,Mystery,100,510
Shattered Crown,Romance,Rebellion,170,762
Shadow Spark,Horror,Heist,70,379
Ancient Nexus,Adventure,Police,290,744
Ancient Rift,Comedy,Conspiracy,150,717
Twisted Wrath,SciFi,Exploration,25,53
Crimson Justice,SciFi,Adventure,290,1547
Golden Strike,Fantasy,Police,295,759
Steel Veil,Crime,Corruption,55,211
Silent Rift,Comedy,Survival,285,1482
Blazing Bane,Horror,Friendship,90,492
Fallen Fang,Adventure,Escape,145,900
Deep Veil,Drama,Friendship,65,223
Burning Tide,Horror,Discovery,150,1009
Eternal Crest,Horror,Discovery,40,199
Burning Drift,Romance,Obsession,185,307
Broken Abyss,Thriller,Power,195,1169
Crimson Nexus,Adventure,Identity,100,593
Shattered Pulse,SciFi,Chaos,175,1106
Frozen Nexus,Romance,Conspiracy,70,256
Rising Edge,Drama,Identity,235,417
Shadow Reign,Romance,Corruption,185,432
Dragon Crest,Romance,Adventure,20,80
Vivid Justice,Romance,Obsession,225,481
Lost Voyage,Horror,Freedom,75,668
Burning Nexus,Comedy,Rebellion,35,89
Savage Oath,Fantasy,Destiny,245,1466
Twisted Echo,Action,Rebellion,110,445
Scarlet Pursuit,Adventure,Rebellion,255,1038
Urban Blade,Drama,Obsession,45,195
Twisted Witness,Horror,Crime,95,557
Toxic Forge,Comedy,Adventure,145,693
Silent Abyss,SciFi,Corruption,45,222
Fallen Path,Action,Discovery,160,581
Ancient Justice,Romance,Exploration,140,418
Fallen Bane,Thriller,Chaos,60,246
Crystal Code,Adventure,War,135,558
Mystic Siege,SciFi,Conspiracy,185,1251
Ancient Voyage,Fantasy,Mystery,230,953
Lost Edge,Adventure,Corruption,90,557
Vivid Abyss,Romance,Survival,195,956
Fading Heist,Thriller,Family,55,171
Vivid Rift,Action,Survival,215,854
Thunder Drift,Action,Conspiracy,205,674
Wicked Flame,Horror,Adventure,270,936
Toxic Flux,Drama,Chaos,190,686
Broken Echo,Thriller,Corruption,55,318
Toxic Dawn,SciFi,Friendship,215,567
Primal Strike,Action,Redemption,10,40
Wicked Justice,Crime,Sacrifice,250,769
Rising Crown,SciFi,Chaos,40,194
Rising Abyss,Romance,Betrayal,15,43
Shadow Flux,Adventure,Friendship,175,487
Blazing Witness,Crime,Justice,90,307
Vivid Echo,Fantasy,Corruption,275,938
Velvet Flame,Drama,Obsession,30,87
Last Strike,Romance,Sacrifice,250,1170
Thunder Zenith,SciFi,Crime,20,111
Rogue Gloom,Thriller,Identity,270,812
Thunder Tide,Adventure,Police,160,508
Shattered Reign,Thriller,Rebellion,10,53
Twisted Zenith,Adventure,Adventure,175,442
Iron Shard,Crime,Police,180,795
Twisted Pursuit,Drama,Honor,165,588
Golden Blade,Romance,Chaos,235,879
Neon Tide,Horror,Identity,215,959
Dark Crest,Comedy,Friendship,160,642
Midnight Veil,Crime,Exploration,155,656
Scarlet Dawn,Thriller,Destiny,195,794
Eternal Path,Crime,Friendship,140,379
Hidden Pulse,Comedy,Crime,75,277
Rogue Forge,Drama,Honor,170,665
Toxic Pursuit,SciFi,Survival,10,59
Golden Flame,Horror,Legacy,210,1528
Twisted Fang,Horror,Family,75,301
Dragon Nexus,Horror,Obsession,250,952
Midnight Night,SciFi,Police,80,254
Eternal Voyage,Thriller,Justice,180,523
Deep Edge,Horror,Justice,200,973
Cosmic Siege,Crime,Adventure,230,781
Fallen Pursuit,Romance,Redemption,20,76
Primal Dawn,Fantasy,Identity,300,1887
Shadow Crown,Action,Transformation,110,543
Rising Zenith,Romance,Adventure,35,121
Twisted Path,Drama,Destiny,120,185
Iron Echo,Thriller,War,35,137
Cosmic Flame,Adventure,Betrayal,115,496
Vivid Code,Drama,Power,255,907
Blazing Justice,Adventure,Betrayal,120,519
Silent Path,Thriller,Identity,70,404
Blazing Realm,Romance,Revenge,160,241
Dragon Siege,Romance,Transformation,180,592
Thunder Shard,Adventure,Mystery,240,607
Dragon Fury,SciFi,Revenge,195,765
Rogue Crown,Action,Exploration,295,1151
Fallen Fury,Thriller,Escape,110,318
Silent Voyage,Crime,Conspiracy,75,296
Dragon Reign,Horror,Identity,25,162
Ancient Flame,Comedy,War,195,853
Broken Dawn,Fantasy,Revenge,195,551
Lost Gloom,Comedy,Legacy,10,21
Golden Fang,Adventure,Exploration,165,548
Urban Heist,Action,Heist,110,561
Hidden Laugh,Horror,Rebellion,100,735
Blazing Heist,Romance,Escape,85,229
Lost Strike,Comedy,Power,120,455
Neon Night,Horror,Heist,200,600
Primal Abyss,Comedy,Power,215,658
Broken Wrath,Romance,Sacrifice,100,265
Mystic Path,Thriller,Discovery,215,878
Twisted Voyage,Drama,Revenge,180,330
Scarlet Bane,Horror,Crime,175,671
Savage Code,Fantasy,Honor,35,168
Wicked Spark,Crime,Love,200,749
Dark Wrath,Romance,Obsession,70,204
Wicked Oath,Comedy,Police,165,620
Phantom Echo,SciFi,Betrayal,25,98
Hidden Pursuit,Crime,Justice,290,1518
Primal Night,Adventure,Police,155,603
Golden Fury,Drama,Family,175,718
Scarlet Siege,Action,Justice,55,259
Lost Wrath,Drama,Redemption,115,295
Mystic Echo,Action,Survival,150,538
Frozen Night,Adventure,Chaos,140,852
Crimson Pursuit,Adventure,War,30,130
Phantom Oath,Drama,Sacrifice,10,18
Eternal Oath,Comedy,Survival,80,419
Crimson Pulse,Fantasy,Chaos,85,457
Shadow Siege,Crime,Corruption,155,517
Urban Wrath,Horror,Discovery,295,1062
Eternal Forge,Adventure,Obsession,300,942
Thunder Crest,Adventure,Rebellion,300,1530
Crystal Fang,SciFi,Justice,235,1131
Crimson Flame,Comedy,Friendship,145,470
Savage Crown,Crime,Destiny,30,157
Primal Harbor,SciFi,Redemption,220,469
Fading Rift,Action,Friendship,115,587
Vivid Nexus,Comedy,Love,215,451
Primal Rift,Romance,Betrayal,195,896
Frozen Forge,Crime,Power,240,770
Fallen Flame,Thriller,Survival,235,1068
Crimson Valentine,Romance,Love,32,155
Moonlit Serenade,Romance,Destiny,28,130
Roses at Dawn,Romance,Sacrifice,18,82
Tangled Hearts,Romance,Betrayal,35,165
Forever After,Romance,Love,45,215
Whispers of You,Romance,Mystery,22,100
The Love Bridge,Romance,Friendship,30,142
Stolen Glances,Romance,Escape,25,118
Paris by Night,Romance,Adventure,50,245
Velvet Kisses,Romance,Love,15,68
Chasing Butterflies,Romance,Freedom,20,95
The Promise Ring,Romance,Destiny,38,180
Unwritten Letters,Romance,Sacrifice,12,54
Heartbeat Away,Romance,Love,42,200
Falling for You,Romance,Redemption,28,135
Lavender Fields,Romance,Identity,24,110
Summer Fling,Romance,Adventure,16,75
The Last Dance,Romance,Sacrifice,35,168
Candlelight Dinner,Romance,Love,40,192
Serendipity Lane,Romance,Destiny,30,145
Torn Between Two,Romance,Betrayal,22,98
Wildflower Love,Romance,Freedom,18,85
The Matchmaker,Romance,Friendship,45,220
Rainy Day Romance,Romance,Love,20,92
Stargazer Hearts,Romance,Destiny,32,150
Bittersweet Goodbye,Romance,Sacrifice,15,70
Love on the Rocks,Romance,Betrayal,28,128
The Honeymoon Phase,Romance,Love,38,185
Drifting Closer,Romance,Escape,25,115
Enchanted Evening,Romance,Mystery,35,165
Cupid's Arrow,Romance,Love,42,205
The Florist's Heart,Romance,Identity,20,90
Coastline Romance,Romance,Adventure,48,230
Faded Photographs,Romance,Sacrifice,14,62
Rekindled Flame,Romance,Redemption,30,140
Love Letters Home,Romance,Family,26,122
The Vineyard Kiss,Romance,Love,36,175
Snowfall Hearts,Romance,Destiny,22,105
Broken Compass Love,Romance,Adventure,40,195
The Wedding Singer,Romance,Love,44,210
Twilight Promises,Romance,Sacrifice,18,80
Café de l'Amour,Romance,Love,32,155
Wanderlust Hearts,Romance,Adventure,28,130
The Lighthouse Keeper,Romance,Sacrifice,24,112
Destined for You,Romance,Destiny,38,182
Petal Storm,Romance,Betrayal,20,88
Love in Bloom,Romance,Love,15,72
The Art of Falling,Romance,Redemption,35,168
Sapphire Nights,Romance,Mystery,30,142
Barefoot on the Beach,Romance,Freedom,22,100
The Balcony Scene,Romance,Love,40,195
Forget Me Not,Romance,Sacrifice,16,74
Chasing Sunsets,Romance,Adventure,45,218
The Love Equation,Romance,Identity,28,132
Heartfelt Confessions,Romance,Love,34,162
Autumn in New York,Romance,Destiny,30,145
The Secret Admirer,Romance,Mystery,22,102
Love Across Borders,Romance,Escape,38,180
The Bridal Path,Romance,Love,42,205
Whispering Pines,Romance,Sacrifice,20,90
Stolen Moments,Romance,Love,25,120
The Soulmate Theory,Romance,Destiny,35,170
Crimson Petals,Romance,Betrayal,18,82
Love at First Sight,Romance,Love,48,235
The Garden Party,Romance,Friendship,26,125
Midnight Confessions,Romance,Mystery,32,150
Runaway Bride Hearts,Romance,Escape,40,192
The Piano Teacher,Romance,Sacrifice,15,68
Sunflower Dreams,Romance,Love,22,105
The Love Architect,Romance,Identity,36,175
Dancing Under Stars,Romance,Freedom,28,130
The Proposal Plan,Romance,Love,44,215
Blossom Lane,Romance,Family,20,92
The Kissing Booth,Romance,Love,38,185
Waves of Affection,Romance,Adventure,30,142
The Love Gamble,Romance,Betrayal,24,110
Eternal Sunshine Love,Romance,Redemption,42,200
The Flower Shop,Romance,Love,16,75
Venetian Romance,Romance,Adventure,50,245
The Heart Wants,Romance,Destiny,32,155
Torn Pages,Romance,Sacrifice,14,62
Love in Translation,Romance,Identity,28,135
The Wedding Vow,Romance,Love,40,195
Cherry Blossom Kiss,Romance,Love,22,100
The Love Letter,Romance,Sacrifice,35,168
Starlight Serenade,Romance,Destiny,30,142
The Matchmaker's Diary,Romance,Friendship,26,122
Coastal Hearts,Romance,Adventure,45,220
The Promise Keeper,Romance,Love,38,182
Fading into You,Romance,Escape,20,90
The Romantic Getaway,Romance,Adventure,48,230
Love on Canvas,Romance,Identity,24,112
The Heartbreak Cure,Romance,Redemption,32,150
Moonrise Romance,Romance,Love,18,85
The Love Conspiracy,Romance,Mystery,36,175
Wildrose Summer,Romance,Freedom,22,102
The Engagement Ring,Romance,Love,42,205
Pastel Dreams,Romance,Destiny,28,130
The Love Paradox,Romance,Betrayal,30,140
Seaside Whispers,Romance,Love,15,70
The Love Detour,Romance,Adventure,34,165
Heartstrings Melody,Romance,Love,40,192
The Confession,Romance,Sacrifice,20,92
Love in Disguise,Romance,Mystery,28,135
The Sweetheart Deal,Romance,Betrayal,36,170
Daydream Believer,Romance,Destiny,25,118
The Love Experiment,Romance,Identity,30,142
Firefly Romance,Romance,Love,22,105
The Bouquet Toss,Romance,Love,44,215
Wandering Hearts,Romance,Escape,18,82
The Love Catalyst,Romance,Redemption,38,185
Orchid Dreams,Romance,Love,16,75
The Romantic Rival,Romance,Betrayal,32,150
Love on the Vine,Romance,Adventure,42,200
The Heart's Compass,Romance,Destiny,26,122
Silhouette Kiss,Romance,Love,20,95
The Love Alchemist,Romance,Mystery,35,168
Bluebell Romance,Romance,Family,24,110
The Proposal Pact,Romance,Friendship,40,195
Dusk till Dawn Love,Romance,Love,30,142
The Love Mirage,Romance,Escape,22,100
Primrose Path,Romance,Sacrifice,15,68
The Heartfelt Vow,Romance,Love,45,220
Cascading Roses,Romance,Love,28,130
The Love Riddle,Romance,Mystery,34,162
Twilight Romance,Romance,Destiny,38,182
The Secret Garden Love,Romance,Love,20,90
Love Beyond Words,Romance,Sacrifice,32,155
The Cupid Effect,Romance,Love,42,205
Magnolia Hearts,Romance,Family,18,82
The Love Equation Two,Romance,Identity,36,175
Riverside Romance,Romance,Adventure,26,125
The Heartbreak Hotel,Romance,Betrayal,30,140
Love in Slow Motion,Romance,Love,24,112
The Romantic Escape,Romance,Escape,40,195
Jasmine Nights,Romance,Love,22,100
The Love Blueprint,Romance,Identity,35,168
Coral Reef Hearts,Romance,Adventure,48,230
The Promise Garden,Romance,Love,16,74
Love at Twilight,Romance,Destiny,28,135
The Wedding Waltz,Romance,Love,44,210
Peony Dreams,Romance,Love,20,92
The Love Compass,Romance,Adventure,38,185
Amber Sunset Love,Romance,Sacrifice,14,62
The Heartfelt Letter,Romance,Love,32,155
Love on the Horizon,Romance,Freedom,25,118
The Romantic Voyage,Romance,Adventure,50,245
Iris Garden Romance,Romance,Love,22,105
The Love Theorem,Romance,Identity,30,142
Dahlia Hearts,Romance,Love,36,170
The Love Odyssey,Romance,Adventure,42,200
Wisteria Lane Love,Romance,Mystery,28,130
The Confession Room,Romance,Sacrifice,20,90
Love in the Ruins,Romance,Redemption,35,168
The Sweetheart Gambit,Romance,Betrayal,30,142
Celestial Romance,Romance,Destiny,38,185
The Love Manuscript,Romance,Love,24,112
Hibiscus Dreams,Romance,Love,18,82
The Romantic Heist,Romance,Escape,44,215
Clover Field Hearts,Romance,Love,16,75
The Love Spectrum,Romance,Identity,32,155
Marigold Summer,Romance,Freedom,22,100
The Heartbreak Remedy,Romance,Redemption,40,195
Love on the Rails,Romance,Adventure,26,122
The Promise Bracelet,Romance,Love,36,175
Lilac Spring,Romance,Love,20,92
The Love Architect Two,Romance,Identity,34,162
Seaside Serenade,Romance,Love,45,220
The Confession Letter,Romance,Sacrifice,15,68
Love in the Clouds,Romance,Escape,28,135
The Wedding Crasher Heart,Romance,Love,42,205
Poppy Field Romance,Romance,Love,22,100
The Love Equation Three,Romance,Mystery,30,142
Gardenia Nights,Romance,Love,38,182
The Heartfelt Promise,Romance,Destiny,24,110
Love Beyond Borders,Romance,Adventure,48,230
The Romantic Puzzle,Romance,Mystery,20,90
Camellia Hearts,Romance,Love,32,155
The Love Paradox Two,Romance,Betrayal,35,165
Violet Sunset,Romance,Sacrifice,18,80
The Proposal Garden,Romance,Love,40,195
Love on the Terrace,Romance,Love,26,122
The Sweetheart Code,Romance,Mystery,34,162
Azalea Dreams,Romance,Love,22,105
The Love Constellation,Romance,Destiny,38,185
Tulip Season Romance,Romance,Love,16,74
The Heartbreak Diary,Romance,Betrayal,30,140
Love in the Vineyard,Romance,Adventure,44,215
The Promise Locket,Romance,Love,20,92
Chrysanthemum Hearts,Romance,Family,28,130
The Love Cartographer,Romance,Adventure,36,175
Lotus Pond Romance,Romance,Love,24,112
The Confession Booth,Romance,Sacrifice,32,150
Love at the Lighthouse,Romance,Love,42,200
The Romantic Equation,Romance,Identity,18,82
Sunflower Field Hearts,Romance,Love,40,195
The Love Navigator,Romance,Adventure,30,142
Petunia Dreams,Romance,Love,22,100
The Heartfelt Gesture,Romance,Love,35,168
Love on the Balcony,Romance,Love,26,125
The Romantic Detour,Romance,Adventure,44,210
Zinnia Hearts,Romance,Love,20,92
The Love Expedition,Romance,Adventure,36,175
Forget Me Not Two,Romance,Sacrifice,28,130
The Sweetheart Waltz,Romance,Love,32,155
Begonia Romance,Romance,Love,18,82
The Love Hypothesis,Romance,Identity,40,195
Love on the Pier,Romance,Love,24,112
The Heartfelt Sonata,Romance,Love,38,185
Aster Field Dreams,Romance,Freedom,22,100
The Confession Garden,Romance,Sacrifice,34,162
Love in the Meadow,Romance,Love,16,74
The Romantic Theorem,Romance,Mystery,42,205
Snapdragon Hearts,Romance,Love,26,122
The Love Expedition Two,Romance,Adventure,30,142
Heather Bloom Romance,Romance,Love,20,90
The Promise Pendant,Romance,Destiny,36,175
Love at the Market,Romance,Love,24,110
The Heartbreak Antidote,Romance,Redemption,40,195
Foxglove Dreams,Romance,Love,18,82
The Love Cartographer Two,Romance,Adventure,32,155
Anemone Hearts,Romance,Love,28,130
The Confession Pier,Romance,Sacrifice,22,100
Love Beyond the Sea,Romance,Adventure,48,230
The Romantic Cipher,Romance,Mystery,34,165
Bluebell Hearts,Romance,Love,16,72
The Love Expedition Three,Romance,Adventure,38,185
Daffodil Summer,Romance,Love,20,92
The Heartfelt Duet,Romance,Love,42,200
Love on the Rooftop,Romance,Love,26,125
The Sweetheart Cipher,Romance,Mystery,30,142
Ranunculus Romance,Romance,Love,22,105
The Love Navigator Two,Romance,Adventure,36,170
Freesia Dreams,Romance,Love,18,80
The Promise Diary,Romance,Destiny,40,195
Love at the Bakery,Romance,Love,24,112
The Heartbreak Elixir,Romance,Redemption,34,162
Clematis Hearts,Romance,Love,20,90
The Romantic Compass,Romance,Adventure,44,215
Hyacinth Summer,Romance,Love,16,74
The Love Manuscript Two,Romance,Love,32,155
Love in the Attic,Romance,Mystery,28,130
The Confession Café,Romance,Sacrifice,38,182
Pansy Field Romance,Romance,Love,22,100
The Heartfelt Waltz,Romance,Love,42,205
Love on the Bridge,Romance,Love,26,122
The Sweetheart Riddle,Romance,Mystery,30,140
Crocus Dreams,Romance,Love,18,82
The Love Theorem Two,Romance,Identity,36,175
Yarrow Hearts,Romance,Love,20,92
The Romantic Odyssey Two,Romance,Adventure,40,195
Verbena Romance,Romance,Love,24,110
The Love Expedition Four,Romance,Adventure,34,165
Love at the Cottage,Romance,Love,28,135
The Heartfelt Aria,Romance,Love,38,185
Amaryllis Dreams,Romance,Destiny,22,100
The Confession Terrace,Romance,Sacrifice,32,150
Love Beyond the Stars,Romance,Escape,44,215
The Romantic Paradox,Romance,Betrayal,20,88
Carnation Hearts,Romance,Love,36,175
The Love Blueprint Two,Romance,Identity,26,122
Edelweiss Summer,Romance,Love,18,82
The Promise Voyage,Romance,Adventure,42,200
Love on the Coastline,Romance,Adventure,30,142
The Heartbreak Sonata,Romance,Sacrifice,16,72
Hollyhock Romance,Romance,Love,34,162
The Sweetheart Voyage,Romance,Adventure,40,195
Larkspur Dreams,Romance,Love,22,105
The Love Constellation Two,Romance,Destiny,38,182
Love in the Garden,Romance,Love,24,112
The Confession Vineyard,Romance,Sacrifice,28,130
Delphinium Hearts,Romance,Love,32,155
The Romantic Blueprint,Romance,Identity,36,170
Love at the Harbor,Romance,Adventure,44,215
The Heartfelt Voyage,Romance,Adventure,20,90
Columbine Romance,Romance,Love,26,122
The Love Paradox Three,Romance,Betrayal,30,140
Hellebore Dreams,Romance,Mystery,18,80
The Promise Constellation,Romance,Destiny,42,205
Love on the Terrace Two,Romance,Love,34,162
The Sweetheart Manuscript,Romance,Love,38,185
Snowdrop Hearts,Romance,Love,22,100
The Love Odyssey Two,Romance,Adventure,40,195
Love Beyond the Mountains,Romance,Adventure,48,235
The Confession Balcony,Romance,Sacrifice,16,74
Primula Romance,Romance,Love,28,130
The Romantic Expedition,Romance,Adventure,36,175
Cyclamen Dreams,Romance,Love,24,110
The Heartfelt Compass,Romance,Adventure,32,155
Love at the Vineyard,Romance,Love,42,200
The Love Cipher Two,Romance,Mystery,20,92
Echinacea Hearts,Romance,Love,30,142
The Promise Terrace,Romance,Love,38,182
Love on the Shore,Romance,Adventure,26,125
The Sweetheart Paradox,Romance,Betrayal,34,160
Forsythia Romance,Romance,Love,18,82
The Love Navigator Three,Romance,Adventure,44,215
Gentian Dreams,Romance,Destiny,22,100
The Confession Shore,Romance,Sacrifice,36,170
Love in the Orchard,Romance,Love,28,135
The Romantic Sonata,Romance,Love,40,195
Acacia Hearts,Romance,Love,24,112
The Love Expedition Five,Romance,Adventure,32,155
Love at the Chapel,Romance,Love,38,185
The Heartfelt Riddle,Romance,Mystery,20,90
Mimosa Romance,Romance,Love,34,165
The Sweetheart Compass,Romance,Adventure,42,205
Oleander Dreams,Romance,Betrayal,18,78
The Promise Shore,Romance,Love,30,142
Love Beyond the River,Romance,Adventure,44,215
The Confession Orchard,Romance,Sacrifice,26,122
Protea Hearts,Romance,Love,36,175
The Romantic Waltz,Romance,Love,22,100
Love on the Cliff,Romance,Adventure,40,195
The Love Manuscript Three,Romance,Love,28,130
Salvia Romance,Romance,Love,16,74
The Heartbreak Compass,Romance,Redemption,38,182
Love in the Lighthouse,Romance,Love,32,155
The Sweetheart Theorem,Romance,Identity,34,162
Tansy Dreams,Romance,Love,20,92
The Promise Orchard,Romance,Love,42,200
Love at the Fountain,Romance,Love,24,110
The Confession Cliff,Romance,Sacrifice,30,140
Valerian Hearts,Romance,Mystery,36,175
The Romantic Shore,Romance,Adventure,44,215
Love Beyond the Valley,Romance,Adventure,28,130
The Love Waltz,Romance,Love,38,185
Zinnia Summer,Romance,Love,22,100
The Heartfelt Expedition,Romance,Adventure,32,155
Love on the Promenade,Romance,Love,40,195
The Sweetheart Shore,Romance,Love,26,122
Begonia Dreams,Romance,Love,18,82
The Promise Cliff,Romance,Destiny,34,165
Love at the Gazebo,Romance,Love,42,205
The Confession Fountain,Romance,Sacrifice,20,90
Aster Romance,Romance,Love,30,142
The Romantic Cliff,Romance,Adventure,36,175
Love in the Chateau,Romance,Love,44,215
The Love Shore,Romance,Adventure,24,112
Snapdragon Dreams,Romance,Love,28,130
The Heartbreak Shore,Romance,Redemption,38,182
Love Beyond the Horizon,Romance,Freedom,32,155
The Sweetheart Expedition,Romance,Adventure,40,195
Heather Romance,Romance,Love,22,100
The Promise Fountain,Romance,Love,34,162
Love at the Terrace,Romance,Love,26,125
The Confession Chateau,Romance,Sacrifice,36,170
Foxglove Hearts,Romance,Love,18,80
The Romantic Fountain,Romance,Love,42,200
Love on the Veranda,Romance,Love,30,142
The Love Veranda,Romance,Love,38,185
Anemone Dreams,Romance,Love,24,110
The Heartfelt Shore,Romance,Adventure,32,155
Love at the Pavilion,Romance,Love,44,215
The Sweetheart Fountain,Romance,Love,20,92
The Promise Veranda,Romance,Love,28,130
Love Beyond the Sunset,Romance,Destiny,40,195
The Confession Pavilion,Romance,Sacrifice,22,100
Ranunculus Dreams,Romance,Love,36,175
The Romantic Veranda,Romance,Love,26,122
Love in the Pavilion,Romance,Love,42,205
The Love Pavilion,Romance,Love,18,82
Freesia Hearts,Romance,Love,30,142
The Heartbreak Veranda,Romance,Redemption,38,185
Love on the Esplanade,Romance,Adventure,32,155
The Sweetheart Veranda,Romance,Love,24,112
Clematis Romance,Romance,Love,40,195
The Promise Pavilion,Romance,Destiny,34,165
Love at the Promenade,Romance,Love,44,210
The Confession Veranda,Romance,Sacrifice,20,90
Hyacinth Hearts,Romance,Love,28,130
The Romantic Pavilion,Romance,Love,36,175
Love Beyond the Dawn,Romance,Destiny,42,200
The Love Promenade,Romance,Adventure,22,100
Pansy Romance,Romance,Love,30,142
The Heartfelt Veranda,Romance,Love,38,185
Love in the Conservatory,Romance,Mystery,26,122
The Sweetheart Pavilion,Romance,Love,32,155
Crocus Hearts,Romance,Love,18,80
The Promise Esplanade,Romance,Love,40,195
Love at the Conservatory,Romance,Love,34,162
The Confession Esplanade,Romance,Sacrifice,24,110
Yarrow Romance,Romance,Love,36,175
The Romantic Esplanade,Romance,Adventure,42,205
Love Beyond the Twilight,Romance,Destiny,28,135
The Love Conservatory,Romance,Mystery,30,142
Verbena Hearts,Romance,Love,22,100
The Heartbreak Pavilion,Romance,Redemption,38,182
Love on the Boardwalk,Romance,Adventure,44,215
The Sweetheart Esplanade,Romance,Love,20,92
Amaryllis Romance,Romance,Love,32,155
The Promise Conservatory,Romance,Love,34,165
Love at the Boardwalk,Romance,Adventure,26,122
The Confession Boardwalk,Romance,Sacrifice,36,170
Carnation Romance,Romance,Love,18,82
The Romantic Boardwalk,Romance,Adventure,40,195
Love Beyond the Clouds,Romance,Escape,42,200
The Love Boardwalk,Romance,Adventure,24,112
Edelweiss Hearts,Romance,Love,30,142
